timestamp,fold,rmse,mae,r2,training_time_sec,n_samples_train,n_samples_test,n_features,feature_names,output_name,xgb_params
2026-01-28 16:23:59,1,1.8300455684958539,1.367240809578718,0.3655705646208105,4.7722413539886475,245727,27304,21,"[""INCOME_REAL"", ""COUNTRY"", ""WAVE"", ""LATITUDE"", ""LONGITUDE"", ""AGE"", ""EMPLOYMENT"", ""MARITAL_STATUS"", ""HAVE_CHILD"", ""NUM_HOUSEHOLD_Y1"", ""OWN_RENT_HOME_Y1"", ""URBAN_RURAL"", ""EXPENSES"", ""GENDER"", ""EDUCATION_3"", ""BODILY_PAIN"", ""CLOSE_TO"", ""HEALTH_PROB"", ""DAYS_EXERCISE"", ""TAS_MEAN"", ""TAS_STD""]",PHYSICAL_HLTH,"{""n_estimators"": 1000, ""learning_rate"": 0.05, ""max_depth"": 8, ""subsample"": 0.8, ""colsample_bytree"": 0.8, ""tree_method"": ""hist"", ""device"": ""cuda""}"
2026-01-28 16:24:04,2,1.8485030894215932,1.3750899878324696,0.36361530155267274,3.141331195831299,245728,27303,21,"[""INCOME_REAL"", ""COUNTRY"", ""WAVE"", ""LATITUDE"", ""LONGITUDE"", ""AGE"", ""EMPLOYMENT"", ""MARITAL_STATUS"", ""HAVE_CHILD"", ""NUM_HOUSEHOLD_Y1"", ""OWN_RENT_HOME_Y1"", ""URBAN_RURAL"", ""EXPENSES"", ""GENDER"", ""EDUCATION_3"", ""BODILY_PAIN"", ""CLOSE_TO"", ""HEALTH_PROB"", ""DAYS_EXERCISE"", ""TAS_MEAN"", ""TAS_STD""]",PHYSICAL_HLTH,"{""n_estimators"": 1000, ""learning_rate"": 0.05, ""max_depth"": 8, ""subsample"": 0.8, ""colsample_bytree"": 0.8, ""tree_method"": ""hist"", ""device"": ""cuda""}"
2026-01-28 16:24:07,3,1.872478447638368,1.3903067215185037,0.3503426091509434,3.045452117919922,245728,27303,21,"[""INCOME_REAL"", ""COUNTRY"", ""WAVE"", ""LATITUDE"", ""LONGITUDE"", ""AGE"", ""EMPLOYMENT"", ""MARITAL_STATUS"", ""HAVE_CHILD"", ""NUM_HOUSEHOLD_Y1"", ""OWN_RENT_HOME_Y1"", ""URBAN_RURAL"", ""EXPENSES"", ""GENDER"", ""EDUCATION_3"", ""BODILY_PAIN"", ""CLOSE_TO"", ""HEALTH_PROB"", ""DAYS_EXERCISE"", ""TAS_MEAN"", ""TAS_STD""]",PHYSICAL_HLTH,"{""n_estimators"": 1000, ""learning_rate"": 0.05, ""max_depth"": 8, ""subsample"": 0.8, ""colsample_bytree"": 0.8, ""tree_method"": ""hist"", ""device"": ""cuda""}"
2026-01-28 16:24:10,4,1.872573074090852,1.3891285065787617,0.35972924525839267,3.031839609146118,245728,27303,21,"[""INCOME_REAL"", ""COUNTRY"", ""WAVE"", ""LATITUDE"", ""LONGITUDE"", ""AGE"", ""EMPLOYMENT"", ""MARITAL_STATUS"", ""HAVE_CHILD"", ""NUM_HOUSEHOLD_Y1"", ""OWN_RENT_HOME_Y1"", ""URBAN_RURAL"", ""EXPENSES"", ""GENDER"", ""EDUCATION_3"", ""BODILY_PAIN"", ""CLOSE_TO"", ""HEALTH_PROB"", ""DAYS_EXERCISE"", ""TAS_MEAN"", ""TAS_STD""]",PHYSICAL_HLTH,"{""n_estimators"": 1000, ""learning_rate"": 0.05, ""max_depth"": 8, ""subsample"": 0.8, ""colsample_bytree"": 0.8, ""tree_method"": ""hist"", ""device"": ""cuda""}"
2026-01-28 16:24:13,5,1.8554067778054257,1.3755123958707105,0.35876535926506825,3.0423810482025146,245728,27303,21,"[""INCOME_REAL"", ""COUNTRY"", ""WAVE"", ""LATITUDE"", ""LONGITUDE"", ""AGE"", ""EMPLOYMENT"", ""MARITAL_STATUS"", ""HAVE_CHILD"", ""NUM_HOUSEHOLD_Y1"", ""OWN_RENT_HOME_Y1"", ""URBAN_RURAL"", ""EXPENSES"", ""GENDER"", ""EDUCATION_3"", ""BODILY_PAIN"", ""CLOSE_TO"", ""HEALTH_PROB"", ""DAYS_EXERCISE"", ""TAS_MEAN"", ""TAS_STD""]",PHYSICAL_HLTH,"{""n_estimators"": 1000, ""learning_rate"": 0.05, ""max_depth"": 8, ""subsample"": 0.8, ""colsample_bytree"": 0.8, ""tree_method"": ""hist"", ""device"": ""cuda""}"
2026-01-28 16:24:16,6,1.8544803229751587,1.3794906148018777,0.36733414390617913,3.335397720336914,245728,27303,21,"[""INCOME_REAL"", ""COUNTRY"", ""WAVE"", ""LATITUDE"", ""LONGITUDE"", ""AGE"", ""EMPLOYMENT"", ""MARITAL_STATUS"", ""HAVE_CHILD"", ""NUM_HOUSEHOLD_Y1"", ""OWN_RENT_HOME_Y1"", ""URBAN_RURAL"", ""EXPENSES"", ""GENDER"", ""EDUCATION_3"", ""BODILY_PAIN"", ""CLOSE_TO"", ""HEALTH_PROB"", ""DAYS_EXERCISE"", ""TAS_MEAN"", ""TAS_STD""]",PHYSICAL_HLTH,"{""n_estimators"": 1000, ""learning_rate"": 0.05, ""max_depth"": 8, ""subsample"": 0.8, ""colsample_bytree"": 0.8, ""tree_method"": ""hist"", ""device"": ""cuda""}"
2026-01-28 16:24:20,7,1.860577903324642,1.3804662601199338,0.35926611275938325,3.039046049118042,245728,27303,21,"[""INCOME_REAL"", ""COUNTRY"", ""WAVE"", ""LATITUDE"", ""LONGITUDE"", ""AGE"", ""EMPLOYMENT"", ""MARITAL_STATUS"", ""HAVE_CHILD"", ""NUM_HOUSEHOLD_Y1"", ""OWN_RENT_HOME_Y1"", ""URBAN_RURAL"", ""EXPENSES"", ""GENDER"", ""EDUCATION_3"", ""BODILY_PAIN"", ""CLOSE_TO"", ""HEALTH_PROB"", ""DAYS_EXERCISE"", ""TAS_MEAN"", ""TAS_STD""]",PHYSICAL_HLTH,"{""n_estimators"": 1000, ""learning_rate"": 0.05, ""max_depth"": 8, ""subsample"": 0.8, ""colsample_bytree"": 0.8, ""tree_method"": ""hist"", ""device"": ""cuda""}"
2026-01-28 16:24:23,8,1.8597858128334126,1.3777004822275993,0.3530028896306968,3.03174090385437,245728,27303,21,"[""INCOME_REAL"", ""COUNTRY"", ""WAVE"", ""LATITUDE"", ""LONGITUDE"", ""AGE"", ""EMPLOYMENT"", ""MARITAL_STATUS"", ""HAVE_CHILD"", ""NUM_HOUSEHOLD_Y1"", ""OWN_RENT_HOME_Y1"", ""URBAN_RURAL"", ""EXPENSES"", ""GENDER"", ""EDUCATION_3"", ""BODILY_PAIN"", ""CLOSE_TO"", ""HEALTH_PROB"", ""DAYS_EXERCISE"", ""TAS_MEAN"", ""TAS_STD""]",PHYSICAL_HLTH,"{""n_estimators"": 1000, ""learning_rate"": 0.05, ""max_depth"": 8, ""subsample"": 0.8, ""colsample_bytree"": 0.8, ""tree_method"": ""hist"", ""device"": ""cuda""}"
2026-01-28 16:24:26,9,1.8359707331280042,1.366123671147979,0.3707344993114321,3.0336990356445312,245728,27303,21,"[""INCOME_REAL"", ""COUNTRY"", ""WAVE"", ""LATITUDE"", ""LONGITUDE"", ""AGE"", ""EMPLOYMENT"", ""MARITAL_STATUS"", ""HAVE_CHILD"", ""NUM_HOUSEHOLD_Y1"", ""OWN_RENT_HOME_Y1"", ""URBAN_RURAL"", ""EXPENSES"", ""GENDER"", ""EDUCATION_3"", ""BODILY_PAIN"", ""CLOSE_TO"", ""HEALTH_PROB"", ""DAYS_EXERCISE"", ""TAS_MEAN"", ""TAS_STD""]",PHYSICAL_HLTH,"{""n_estimators"": 1000, ""learning_rate"": 0.05, ""max_depth"": 8, ""subsample"": 0.8, ""colsample_bytree"": 0.8, ""tree_method"": ""hist"", ""device"": ""cuda""}"
2026-01-28 16:24:29,10,1.8746580312665548,1.3905756153850963,0.3529121915555,3.049597978591919,245728,27303,21,"[""INCOME_REAL"", ""COUNTRY"", ""WAVE"", ""LATITUDE"", ""LONGITUDE"", ""AGE"", ""EMPLOYMENT"", ""MARITAL_STATUS"", ""HAVE_CHILD"", ""NUM_HOUSEHOLD_Y1"", ""OWN_RENT_HOME_Y1"", ""URBAN_RURAL"", ""EXPENSES"", ""GENDER"", ""EDUCATION_3"", ""BODILY_PAIN"", ""CLOSE_TO"", ""HEALTH_PROB"", ""DAYS_EXERCISE"", ""TAS_MEAN"", ""TAS_STD""]",PHYSICAL_HLTH,"{""n_estimators"": 1000, ""learning_rate"": 0.05, ""max_depth"": 8, ""subsample"": 0.8, ""colsample_bytree"": 0.8, ""tree_method"": ""hist"", ""device"": ""cuda""}"
